1782297286,-0.00148,0.00128,0.00043,0.99951,-0.02378,-0.01993,0.00376,-0.00170,0.00154,0.00401,
1782297286,-0.00158,0.00143,0.00087,0.99934,-0.02831,-0.02214,0.00504,-0.00565,0.00551,0.02781,
1782297286,-0.00202,0.00116,0.00272,0.99906,-0.03463,-0.02542,0.00616,-0.01854,-0.01695,0.06401,
1782297286,-0.00286,0.00037,0.00540,0.99875,-0.04004,-0.02931,0.00667,-0.02900,-0.02689,0.08714,
1782297286,-0.00381,-0.00105,0.00996,0.99846,-0.04295,-0.03413,0.00774,-0.03493,-0.04997,0.13281,
1782297286,-0.00470,-0.00237,0.01345,0.99835,-0.04190,-0.03829,0.00868,-0.04130,-0.05973,0.14589,
1782297286,-0.00652,-0.00513,0.01991,0.99825,-0.03534,-0.04640,0.01021,-0.05062,-0.08084,0.18247,
1782297286,-0.00826,-0.00801,0.02643,0.99807,-0.02762,-0.05418,0.01225,-0.05915,-0.09708,0.21973,
1782297286,-0.01022,-0.01113,0.03372,0.99778,-0.02031,-0.06169,0.01486,-0.07181,-0.11063,0.26128,
1782297286,-0.01317,-0.01560,0.04453,0.99727,-0.01362,-0.07024,0.01840,-0.08706,-0.12922,0.32071,
1782297286,-0.01584,-0.01950,0.05483,0.99687,-0.00989,-0.07536,0.02191,-0.09817,-0.13478,0.36372,
1782297286,-0.00763,-0.00092,0.03544,0.99648,-0.00753,-0.07909,0.02689,-0.11242,-0.14746,0.41791,
1782297286,-0.01119,-0.00588,0.04952,0.99634,-0.00701,-0.07954,0.03060,-0.11623,-0.14861,0.44126,
1782297286,-0.01535,-0.01121,0.06592,0.99643,-0.00809,-0.07665,0.03457,-0.12540,-0.15170,0.46539,
1782297287,-0.01948,-0.01674,0.08356,0.99670,-0.00955,-0.07083,0.03841,-0.12820,-0.14878,0.48369,
1782297287,-0.02355,-0.02195,0.10153,0.99708,-0.01305,-0.06231,0.04206,-0.12871,-0.14796,0.49668,
1782297287,-0.02624,-0.02506,0.11202,0.99732,-0.01459,-0.05631,0.04443,-0.12690,-0.14583,0.49223,
1782297287,-0.03071,-0.02999,0.12949,0.99766,-0.01646,-0.04549,0.04836,-0.12917,-0.13776,0.49592,
1782297287,-0.03511,-0.03495,0.14708,0.99788,-0.01863,-0.03425,0.05219,-0.12546,-0.14516,0.49869,
1782297287,-0.03881,-0.04008,0.16672,0.99797,-0.02016,-0.02337,0.05571,-0.12071,-0.14019,0.51490,
1782297287,-0.04327,-0.04564,0.18678,0.99792,-0.02187,-0.01312,0.05917,-0.11824,-0.15251,0.52000,
1782297287,-0.04650,-0.05021,0.20252,0.99786,-0.02201,-0.00646,0.06127,-0.12243,-0.15975,0.52347,
1782297287,-0.04995,-0.05514,0.21903,0.99778,-0.02146,-0.00064,0.06308,-0.12824,-0.16833,0.53000,
1782297287,-0.05584,-0.06350,0.24404,0.99769,-0.01858,0.00597,0.06501,-0.13568,-0.19195,0.53686,
1782297287,-0.05914,-0.06830,0.25719,0.99768,-0.01651,0.00818,0.06555,-0.14029,-0.20505,0.54958,
1782297287,-0.06494,-0.07671,0.28005,0.99769,-0.01199,0.01009,0.06612,-0.14853,-0.20047,0.56236,
1782297287,-0.06924,-0.08284,0.29819,0.99773,-0.00820,0.01059,0.06606,-0.15932,-0.20035,0.58370,
1782297287,-0.07346,-0.08853,0.31538,0.99779,-0.00493,0.01055,0.06546,-0.16643,-0.20125,0.60389,
1782297287,-0.07870,-0.09455,0.33446,0.99787,-0.00188,0.00980,0.06450,-0.16915,-0.18137,0.60582,
1782297287,-0.08370,-0.09987,0.35245,0.99796,-0.00021,0.00915,0.06320,-0.17733,-0.18124,0.60459,
1782297287,-0.09058,-0.10665,0.37528,0.99812,0.00009,0.00895,0.06057,-0.19072,-0.17271,0.60809,
1782297287,-0.09752,-0.11293,0.39906,0.99830,-0.00089,0.00912,0.05759,-0.19408,-0.15756,0.58790,
1782297287,-0.10379,-0.11842,0.41815,0.99845,-0.00223,0.00846,0.05492,-0.19544,-0.17212,0.56639,
1782297287,-0.10976,-0.12358,0.43555,0.99859,-0.00354,0.00714,0.05250,-0.19632,-0.15805,0.54061,
1782297287,-0.11616,-0.12917,0.45289,0.99872,-0.00515,0.00564,0.04992,-0.20732,-0.18904,0.51771,
1782297287,-0.12328,-0.13693,0.47227,0.99889,-0.00610,0.00373,0.04651,-0.21062,-0.21601,0.48429,
1782297287,-0.13075,-0.14485,0.48932,0.99905,-0.00515,0.00227,0.04332,-0.21555,-0.22761,0.45219,
1782297287,-0.13793,-0.15330,0.50457,0.99918,-0.00314,0.00157,0.04040,-0.21205,-0.26285,0.42666,
1782297287,-0.14410,-0.16227,0.51879,0.99927,-0.00004,0.00218,0.03806,-0.20698,-0.27484,0.40311,
1782297287,-0.14842,-0.17209,0.53338,0.99933,0.00303,0.00405,0.03625,-0.20232,-0.31164,0.39458,
1782297287,-0.15597,-0.18500,0.54877,0.99935,0.00792,0.00693,0.03442,-0.19372,-0.32748,0.36843,
1782297287,-0.15998,-0.19696,0.56358,0.99929,0.01316,0.01012,0.03388,-0.19755,-0.31188,0.35416,
1782297287,-0.16673,-0.20795,0.57557,0.99919,0.01747,0.01284,0.03387,-0.19347,-0.32846,0.33300,
1782297287,-0.17160,-0.21905,0.58651,0.99910,0.01966,0.01496,0.03449,-0.18921,-0.35426,0.31358,
1782297288,-0.17814,-0.23403,0.59955,0.99899,0.02149,0.01621,0.03589,-0.20158,-0.36136,0.28584,
1782297288,-0.18334,-0.24652,0.61008,0.99890,0.02275,0.01576,0.03781,-0.21212,-0.35680,0.26330,
1782297288,-0.18942,-0.26089,0.62072,0.99878,0.02454,0.01306,0.04072,-0.21362,-0.37004,0.22459,
1782297288,-0.18867,-0.27118,0.62938,0.99870,0.02575,0.01093,0.04252,-0.21422,-0.37271,0.21349,
1782297288,-0.19060,-0.29127,0.64289,0.99848,0.02872,0.00443,0.04674,-0.21441,-0.39247,0.16855,
1782297288,-0.19491,-0.30076,0.64697,0.99831,0.03079,0.00032,0.04926,-0.21788,-0.39413,0.14775,
1782297288,-0.20108,-0.31386,0.65146,0.99798,0.03472,-0.00552,0.05292,-0.21970,-0.40070,0.10993,
1782297288,-0.20650,-0.32410,0.65405,0.99764,0.03866,-0.01000,0.05591,-0.22354,-0.40064,0.08490,
1782297288,-0.21297,-0.33737,0.65655,0.99711,0.04458,-0.01517,0.05969,-0.22945,-0.40024,0.04725,
1782297288,-0.22734,-0.36396,0.65875,0.99575,0.05665,-0.02451,0.06837,-0.22805,-0.37866,0.00236,
1782297288,-0.25695,-0.41207,0.65370,0.99403,0.05674,-0.03479,0.08650,-0.22335,-0.34656,-0.07515,
1782297288,-0.27478,-0.44707,0.64712,0.99417,0.04003,-0.02675,0.09644,-0.21781,-0.32212,-0.09158,
1782297288,-0.28045,-0.45778,0.64449,0.99421,0.03500,-0.02234,0.09906,-0.21061,-0.32295,-0.09993,
1782297288,-0.28701,-0.46844,0.64130,0.99418,0.03060,-0.01771,0.10178,-0.20877,-0.31428,-0.09994,
1782297288,-0.28938,-0.48043,0.63970,0.99408,0.02731,-0.01265,0.10437,-0.20068,-0.31164,-0.10001,
1782297288,-0.29535,-0.49261,0.63622,0.99390,0.02473,-0.00769,0.10723,-0.18903,-0.32017,-0.10840,
1782297288,-0.30058,-0.50245,0.63308,0.99372,0.02318,-0.00417,0.10935,-0.18161,-0.32906,-0.10748,
1782297288,-0.30510,-0.51339,0.63013,0.99352,0.02228,-0.00061,0.11146,-0.17579,-0.32935,-0.10114,
1782297288,-0.30927,-0.52402,0.62755,0.99333,0.02207,0.00275,0.11318,-0.16991,-0.32858,-0.08958,
1782297288,-0.31516,-0.53852,0.62430,0.99310,0.02223,0.00741,0.11494,-0.15425,-0.33568,-0.07811,
1782297288,-0.31621,-0.55024,0.62318,0.99298,0.02187,0.01086,0.11574,-0.14020,-0.34251,-0.05581,
1782297288,-0.31947,-0.56213,0.62199,0.99293,0.02037,0.01409,0.11606,-0.12760,-0.35227,-0.03152,
1782297288,-0.31664,-0.57614,0.62286,0.99297,0.01806,0.01761,0.11569,-0.11606,-0.35768,0.00508,
1782297288,-0.31601,-0.58522,0.62342,0.99303,0.01645,0.01951,0.11509,-0.10940,-0.36960,0.02302,
1782297289,-0.31211,-0.59943,0.62501,0.99317,0.01473,0.02222,0.11356,-0.09771,-0.38639,0.05264,
1782297289,-0.31282,-0.61265,0.62723,0.99333,0.01402,0.02374,0.11198,-0.09515,-0.40159,0.07558,
1782297289,-0.31455,-0.62506,0.62954,0.99347,0.01481,0.02453,0.11043,-0.09111,-0.42030,0.07678,
1782297289,-0.31605,-0.63613,0.63160,0.99359,0.01644,0.02487,0.10905,-0.09187,-0.43108,0.08278,
1782297289,-0.31844,-0.65112,0.63472,0.99375,0.01918,0.02478,0.10716,-0.09224,-0.43450,0.09696,
1782297289,-0.32107,-0.66464,0.63791,0.99390,0.02143,0.02404,0.10546,-0.09382,-0.43774,0.10635,
1782297289,-0.32430,-0.67991,0.64174,0.99410,0.02297,0.02248,0.10358,-0.09308,-0.44759,0.11544,
1782297289,-0.32788,-0.69772,0.64618,0.99432,0.02448,0.01970,0.10174,-0.08705,-0.46072,0.10754,
1782297289,-0.33078,-0.71207,0.64944,0.99444,0.02627,0.01697,0.10058,-0.09269,-0.46149,0.10227,
1782297289,-0.33420,-0.72763,0.65269,0.99453,0.02887,0.01387,0.09944,-0.09437,-0.47197,0.08949,
1782297289,-0.33741,-0.74249,0.65531,0.99458,0.03151,0.01056,0.09857,-0.09124,-0.48011,0.07900,
1782297289,-0.34092,-0.75997,0.65835,0.99460,0.03388,0.00661,0.09785,-0.09440,-0.48149,0.08779,
1782297289,-0.34366,-0.77339,0.66079,0.99461,0.03535,0.00349,0.09739,-0.09193,-0.48404,0.08634,
1782297289,-0.34739,-0.79224,0.66415,0.99460,0.03762,-0.00039,0.09676,-0.09252,-0.48261,0.08247,
1782297289,-0.35050,-0.80756,0.66673,0.99454,0.04027,-0.00283,0.09621,-0.09500,-0.48057,0.07754,
1782297289,-0.35369,-0.82293,0.66882,0.99445,0.04362,-0.00467,0.09566,-0.09032,-0.49363,0.05143,
1782297289,-0.35704,-0.83923,0.67035,0.99432,0.04752,-0.00626,0.09507,-0.09737,-0.48936,0.04359,
1782297289,-0.36032,-0.85474,0.67149,0.99420,0.05090,-0.00746,0.09442,-0.09767,-0.49580,0.02269,
1782297289,-0.36389,-0.87284,0.67178,0.99406,0.05446,-0.00875,0.09387,-0.09408,-0.49882,-0.00096,
1782297289,-0.36752,-0.88977,0.67170,0.99394,0.05720,-0.00968,0.09338,-0.10054,-0.49419,-0.01023,
1782297289,-0.37147,-0.90796,0.67099,0.99383,0.05945,-0.01036,0.09301,-0.10207,-0.49216,-0.02676,
1782297289,-0.37449,-0.92256,0.67007,0.99378,0.06023,-0.01057,0.09302,-0.09956,-0.48935,-0.03617,
1782297289,-0.37817,-0.94005,0.66860,0.99377,0.06019,-0.01023,0.09328,-0.09677,-0.48833,-0.04536,
1782297289,-0.38125,-0.95503,0.66719,0.99381,0.05921,-0.00930,0.09351,-0.09565,-0.48793,-0.04775,
1782297289,-0.38454,-0.97160,0.66554,0.99389,0.05762,-0.00733,0.09382,-0.09082,-0.48805,-0.05139,
1782297289,-0.38729,-0.98671,0.66373,0.99396,0.05640,-0.00487,0.09402,-0.08776,-0.49240,-0.06705,
1782297289,-0.39094,-1.00407,0.66139,0.99398,0.05565,-0.00149,0.09434,-0.09268,-0.48408,-0.06205,
1782297289,-0.39444,-1.01938,0.65958,0.99396,0.05521,0.00142,0.09486,-0.09077,-0.47497,-0.05762,
1782297289,-0.39804,-1.03625,0.65742,0.99387,0.05493,0.00422,0.09581,-0.08755,-0.47184,-0.06439,
1782297289,-0.40155,-1.05212,0.65514,0.99375,0.05493,0.00620,0.09699,-0.08883,-0.47023,-0.07569,
1782297290,-0.40505,-1.06730,0.65261,0.99360,0.05507,0.00759,0.09838,-0.08782,-0.46658,-0.08120,
1782297290,-0.40820,-1.08237,0.64992,0.99348,0.05446,0.00837,0.09982,-0.08066,-0.46306,-0.08531,
1782297290,-0.41109,-1.09830,0.64690,0.99337,0.05296,0.00874,0.10163,-0.06523,-0.45668,-0.09080,
1782297290,-0.41374,-1.11261,0.64403,0.99327,0.05135,0.00934,0.10340,-0.05546,-0.44458,-0.09358,
1782297290,-0.41626,-1.12670,0.64115,0.99315,0.04982,0.01038,0.10514,-0.05044,-0.41962,-0.08717,
1782297290,-0.41872,-1.14157,0.63814,0.99305,0.04739,0.01243,0.10706,-0.03616,-0.39259,-0.08486,
1782297290,-0.42009,-1.15372,0.63532,0.99298,0.04421,0.01456,0.10871,-0.02602,-0.38149,-0.09806,
1782297290,-0.42154,-1.16541,0.63221,0.99297,0.04022,0.01677,0.11004,-0.02584,-0.36681,-0.10953,
1782297290,-0.42361,-1.17850,0.62826,0.99305,0.03372,0.01885,0.11115,-0.03200,-0.34966,-0.11358,
1782297290,-0.42574,-1.19004,0.62446,0.99316,0.02590,0.01937,0.11222,-0.02581,-0.35124,-0.12492,
1782297290,-0.42778,-1.20014,0.62089,0.99323,0.01845,0.01866,0.11320,-0.02341,-0.35576,-0.13648,
1782297290,-0.43064,-1.21323,0.61609,0.99328,0.00970,0.01670,0.11409,-0.03345,-0.33934,-0.13097,
1782297290,-0.43300,-1.22448,0.61183,0.99332,0.00385,0.01430,0.11446,-0.03435,-0.34004,-0.12968,
1782297290,-0.43598,-1.24665,0.60365,0.99350,0.00000,0.00832,0.11353,-0.03002,-0.37424,-0.13859,
1782297290,-0.43851,-1.25932,0.59932,0.99369,0.00132,0.00420,0.11208,-0.03623,-0.38371,-0.12889,
1782297290,-0.44142,-1.27225,0.59533,0.99392,0.00389,-0.00049,0.11001,-0.03498,-0.39593,-0.12669,
1782297290,-0.44353,-1.28429,0.59170,0.99414,0.00648,-0.00498,0.10775,-0.03570,-0.40236,-0.12034,
1782297290,-0.44619,-1.29870,0.58777,0.99443,0.00899,-0.00994,0.10455,-0.03003,-0.41747,-0.11985,
1782297290,-0.45206,-1.34244,0.57641,0.99559,0.01016,-0.01853,0.09142,-0.01769,-0.42664,-0.10528,
1782297290,-0.45495,-1.35849,0.57289,0.99615,0.00825,-0.01859,0.08530,-0.00948,-0.44332,-0.10173,
1782297290,-0.45706,-1.37316,0.57035,0.99667,0.00581,-0.01745,0.07948,-0.00655,-0.45878,-0.08971,
1782297290,-0.46025,-1.38642,0.56840,0.99712,0.00397,-0.01538,0.07418,-0.00216,-0.46876,-0.08530,
1782297290,-0.46371,-1.40055,0.56644,0.99757,0.00312,-0.01213,0.06855,-0.00160,-0.48049,-0.08342,
1782297290,-0.46645,-1.43466,0.56188,0.99841,0.00432,-0.00243,0.05620,0.00594,-0.51885,-0.07985,
1782297290,-0.47051,-1.44982,0.56000,0.99866,0.00602,0.00189,0.05143,-0.00028,-0.54119,-0.08009,
1782297291,-0.47473,-1.48932,0.55492,0.99899,0.01320,0.01112,0.04149,-0.00233,-0.57213,-0.08441,
1782297291,-0.47876,-1.52537,0.55075,0.99909,0.01850,0.01641,0.03474,-0.01123,-0.60387,-0.07970,
1782297291,-0.48217,-1.54943,0.54790,0.99914,0.02053,0.01869,0.03073,-0.02496,-0.61732,-0.08023,
1782297291,-0.48842,-1.58801,0.54382,0.99925,0.02188,0.02087,0.02431,-0.04838,-0.67714,-0.08233,
1782297291,-0.49481,-1.63543,0.53872,0.99929,0.02523,0.02170,0.01762,-0.06792,-0.74344,-0.08027,
1782297291,-0.50134,-1.67132,0.53575,0.99920,0.03093,0.02188,0.01318,-0.08210,-0.80287,-0.06839,
1782297291,-0.50949,-1.71704,0.53332,0.99894,0.04012,0.02104,0.00810,-0.10328,-0.85911,-0.05263,
1782297291,-0.51841,-1.77804,0.52978,0.99866,0.04866,0.01723,0.00243,-0.12059,-0.98690,-0.06864,
1782297291,-0.53337,-1.88418,0.52199,0.99865,0.05122,0.00822,-0.00305,-0.13660,-1.07567,-0.08990,
1782297291,-0.54391,-1.95618,0.51685,0.99853,0.05405,0.00262,-0.00410,-0.13494,-1.12795,-0.07979,
1782297291,-0.55309,-2.03351,0.51094,0.99812,0.06113,-0.00358,-0.00342,-0.12749,-1.17466,-0.10055,
1782297291,-0.56547,-2.15817,0.50029,0.99694,0.07584,-0.01862,0.00258,-0.11985,-1.22395,-0.09438,
1782297291,-0.56751,-2.19931,0.49829,0.99622,0.08312,-0.02478,0.00515,-0.11099,-1.22995,-0.08438,
1782297291,-0.57239,-2.28320,0.49436,0.99439,0.09844,-0.03721,0.01029,-0.10313,-1.24869,-0.05139,
1782297291,-0.57295,-2.31816,0.49339,0.99362,0.10418,-0.04138,0.01218,-0.10176,-1.23453,-0.04280,
1782297291,-0.57387,-2.35790,0.49261,0.99293,0.10903,-0.04494,0.01379,-0.10732,-1.22490,-0.02297,
1782297291,-0.57924,-2.44525,0.49180,0.99232,0.11288,-0.04822,0.01551,-0.11156,-1.21857,-0.01093,
1782297292,-0.58045,-2.47766,0.49158,0.99244,0.11173,-0.04831,0.01582,-0.11403,-1.21365,-0.01198,
1782297292,-0.58250,-2.51918,0.49114,0.99280,0.10871,-0.04767,0.01625,-0.11752,-1.21758,-0.01805,
1782297292,-0.58713,-2.60204,0.48881,0.99355,0.10242,-0.04523,0.01771,-0.11901,-1.23826,-0.05678,
1782297292,-0.58991,-2.64715,0.48633,0.99376,0.10068,-0.04404,0.01919,-0.12039,-1.25359,-0.07629,
1782297292,-0.59190,-2.69150,0.48334,0.99382,0.10021,-0.04283,0.02110,-0.12122,-1.26377,-0.08966,
1782297292,-0.59427,-2.72628,0.48081,0.99382,0.10024,-0.04184,0.02271,-0.12373,-1.27448,-0.09147,
1782297292,-0.59539,-2.77605,0.47711,0.99380,0.10057,-0.03996,0.02534,-0.12267,-1.28270,-0.09536,
1782297292,-0.59894,-2.81284,0.47442,0.99379,0.10082,-0.03830,0.02741,-0.12600,-1.28975,-0.09240,
1782297292,-0.60256,-2.86364,0.47096,0.99375,0.10140,-0.03554,0.03014,-0.12722,-1.29057,-0.08229,
1782297292,-0.60578,-2.91185,0.46813,0.99374,0.10179,-0.03234,0.03270,-0.12658,-1.29492,-0.06891,
1782297292,-0.60846,-2.95253,0.46611,0.99374,0.10204,-0.02924,0.03496,-0.12413,-1.29335,-0.06002,
1782297292,-0.61202,-2.98992,0.46442,0.99371,0.10228,-0.02615,0.03732,-0.12173,-1.29371,-0.05767,
1782297292,-0.61882,-3.07822,0.46054,0.99353,0.10293,-0.01927,0.04387,-0.11632,-1.28686,-0.06152,
1782297292,-0.62134,-3.12392,0.45809,0.99345,0.10265,-0.01622,0.04752,-0.10757,-1.30655,-0.07712,
1782297292,-0.61292,-3.21624,0.45179,0.99339,0.10052,-0.01079,0.05437,-0.08309,-1.32242,-0.10342,
1782297292,-0.61585,-3.35918,0.43842,0.99325,0.09680,-0.00367,0.06379,-0.06841,-1.34426,-0.13451,
1782297292,-0.61602,-3.39003,0.43529,0.99323,0.09578,-0.00215,0.06575,-0.06252,-1.35152,-0.13773,
1782297292,-0.61501,-3.49201,0.42521,0.99313,0.09188,0.00300,0.07242,-0.04564,-1.35550,-0.12569,
1782297292,-0.61087,-3.52349,0.42223,0.99306,0.09095,0.00489,0.07440,-0.03403,-1.36002,-0.12429,
1782297292,-0.60347,-3.57757,0.41719,0.99292,0.08937,0.00845,0.07786,-0.01674,-1.36341,-0.10817,
1782297292,-0.60222,-3.66423,0.41099,0.99254,0.08769,0.01456,0.08344,-0.00580,-1.36033,-0.07943,
1782297292,-0.59815,-3.70686,0.40806,0.99227,0.08747,0.01722,0.08635,0.00515,-1.35732,-0.07091,
1782297293,-0.59618,-3.80788,0.40277,0.99165,0.08607,0.02107,0.09370,0.01014,-1.33494,-0.02781,
1782297293,-0.59540,-3.88522,0.40107,0.99140,0.08329,0.02228,0.09846,0.01592,-1.35761,-0.01675,
1782297293,-0.59460,-3.93944,0.40004,0.99126,0.08199,0.02286,0.10077,0.01978,-1.37561,-0.01278,
1782297293,-0.59403,-3.97615,0.39930,0.99112,0.08214,0.02304,0.10198,0.02330,-1.38644,-0.01450,
1782297293,-0.59316,-4.02308,0.39869,0.99090,0.08334,0.02308,0.10316,0.02768,-1.40160,-0.01516,
1782297293,-0.59221,-4.07657,0.39666,0.99066,0.08514,0.02304,0.10401,0.03005,-1.42019,-0.02310,
1782297293,-0.59155,-4.11080,0.39507,0.99053,0.08636,0.02306,0.10420,0.02956,-1.43360,-0.02782,
1782297293,-0.59032,-4.16940,0.39324,0.99037,0.08807,0.02305,0.10431,0.03573,-1.45794,-0.03802,
1782297293,-0.58911,-4.21541,0.39186,0.99027,0.08918,0.02275,0.10438,0.04084,-1.47210,-0.04253,
1782297293,-0.58785,-4.26104,0.39038,0.99011,0.09088,0.02226,0.10458,0.04038,-1.47213,-0.04566,
1782297293,-0.58609,-4.32634,0.38718,0.98971,0.09451,0.02132,0.10527,0.04526,-1.48133,-0.05463,
1782297293,-0.58472,-4.36848,0.38543,0.98942,0.09701,0.02078,0.10581,0.04930,-1.49256,-0.06061,
1782297293,-0.58303,-4.41778,0.38319,0.98915,0.09924,0.02029,0.10645,0.05518,-1.50580,-0.06826,
1782297293,-0.58113,-4.46719,0.38086,0.98896,0.10054,0.02002,0.10702,0.06177,-1.51971,-0.07469,
1782297293,-0.57900,-4.51825,0.37810,0.98886,0.10092,0.02022,0.10754,0.07227,-1.53985,-0.08343,
1782297293,-0.57585,-4.58631,0.37346,0.98876,0.10109,0.02108,0.10809,0.08622,-1.57249,-0.10076,
1782297293,-0.57382,-4.62322,0.37063,0.98867,0.10151,0.02185,0.10837,0.09145,-1.58967,-0.10878,
1782297293,-0.57019,-4.68424,0.36599,0.98842,0.10333,0.02325,0.10870,0.10039,-1.61714,-0.12878,
1782297293,-0.56678,-4.73738,0.36142,0.98808,0.10575,0.02428,0.10917,0.10852,-1.63845,-0.14221,
1782297293,-0.56377,-4.78194,0.35750,0.98776,0.10802,0.02486,0.10971,0.11351,-1.65110,-0.14657,
1782297293,-0.55952,-4.84317,0.35158,0.98735,0.11079,0.02529,0.11053,0.11688,-1.67079,-0.14982,
1782297293,-0.55599,-4.89389,0.34686,0.98705,0.11286,0.02558,0.11107,0.11690,-1.69194,-0.15247,
1782297293,-0.55277,-4.94299,0.34195,0.98680,0.11459,0.02590,0.11149,0.11176,-1.70411,-0.14687,
1782297293,-0.54911,-5.00018,0.33704,0.98643,0.11697,0.02650,0.11208,0.10869,-1.70812,-0.13805,
1782297293,-0.54514,-5.06361,0.33161,0.98592,0.12007,0.02750,0.11311,0.10855,-1.71457,-0.13081,
1782297293,-0.54177,-5.11618,0.32758,0.98545,0.12253,0.02871,0.11422,0.11218,-1.72199,-0.12491,
1782297293,-0.53817,-5.16986,0.32339,0.98499,0.12453,0.03012,0.11569,0.11662,-1.73731,-0.12319,
1782297293,-0.52950,-5.29744,0.31335,0.98397,0.12728,0.03371,0.12027,0.12083,-1.76300,-0.12364,
1782297294,-0.52124,-5.41615,0.30397,0.98281,0.12934,0.03761,0.12625,0.12736,-1.79078,-0.13425,
1782297294,-0.51775,-5.46447,0.29987,0.98232,0.12987,0.03939,0.12899,0.12964,-1.80604,-0.13696,
1782297294,-0.51330,-5.52776,0.29426,0.98167,0.13018,0.04165,0.13280,0.13389,-1.82263,-0.13345,
1782297294,-0.50864,-5.58689,0.28946,0.98100,0.13060,0.04336,0.13673,0.13871,-1.83656,-0.13582,
1782297294,-0.50339,-5.64832,0.28439,0.98024,0.13112,0.04461,0.14120,0.14696,-1.84984,-0.14029,
1782297294,-0.49780,-5.70882,0.27934,0.97950,0.13130,0.04499,0.14599,0.15416,-1.86099,-0.14041,
1782297294,-0.49159,-5.77819,0.27394,0.97867,0.13104,0.04440,0.15188,0.16309,-1.87053,-0.14140,
1782297294,-0.48611,-5.83168,0.26937,0.97806,0.13036,0.04330,0.15663,0.16790,-1.87815,-0.14040,
1782297294,-0.47885,-5.89829,0.26433,0.97731,0.12937,0.04142,0.16253,0.17221,-1.87980,-0.13676,
1782297294,-0.47245,-5.96834,0.25935,0.97648,0.12849,0.03896,0.16867,0.17031,-1.88020,-0.13080,
1782297294,-0.46690,-6.02979,0.25512,0.97577,0.12785,0.03681,0.17370,0.17170,-1.88990,-0.12997,
1782297294,-0.46109,-6.09249,0.25072,0.97513,0.12668,0.03474,0.17852,0.18006,-1.90932,-0.13628,
1782297294,-0.45201,-6.15332,0.24603,0.97463,0.12493,0.03287,0.18277,0.18864,-1.92321,-0.13509,
1782297294,-0.44384,-6.23015,0.24021,0.97401,0.12226,0.03035,0.18824,0.19539,-1.92810,-0.12430,
1782297294,-0.43759,-6.29086,0.23601,0.97340,0.12047,0.02830,0.19282,0.20287,-1.93194,-0.12077,
1782297294,-0.42822,-6.35761,0.23072,0.97260,0.11914,0.02625,0.19790,0.21716,-1.94454,-0.12653,
1782297294,-0.42106,-6.41762,0.22571,0.97174,0.11857,0.02456,0.20264,0.23041,-1.95827,-0.13442,
1782297294,-0.41383,-6.47727,0.22061,0.97080,0.11827,0.02280,0.20744,0.24298,-1.96907,-0.13752,
1782297294,-0.40260,-6.56522,0.21332,0.96949,0.11720,0.01975,0.21441,0.26171,-1.98639,-0.14598,
1782297294,-0.39188,-6.62388,0.20557,0.96871,0.11589,0.01752,0.21876,0.27240,-1.99306,-0.15344,
1782297294,-0.38407,-6.67777,0.19972,0.96810,0.11444,0.01548,0.22238,0.27528,-1.99866,-0.15675,
1782297294,-0.37436,-6.74598,0.19256,0.96750,0.11253,0.01303,0.22607,0.27690,-1.99715,-0.15978,
1782297294,-0.36621,-6.80327,0.18633,0.96720,0.11072,0.01102,0.22835,0.27805,-1.99729,-0.16004,
1782297294,-0.35607,-6.87233,0.18051,0.96707,0.10835,0.00865,0.23015,0.27610,-1.98395,-0.15561,
1782297294,-0.34362,-6.95517,0.17384,0.96722,0.10477,0.00636,0.23125,0.27127,-1.97476,-0.14518,
1782297294,-0.33369,-7.02153,0.16884,0.96763,0.10139,0.00515,0.23105,0.26470,-1.96376,-0.13033,
1782297294,-0.31996,-7.09291,0.16349,0.96825,0.09787,0.00454,0.23000,0.26295,-1.95159,-0.11437,
1782297294,-0.30905,-7.16192,0.15807,0.96895,0.09494,0.00486,0.22826,0.26130,-1.95231,-0.10431,
1782297294,-0.30183,-7.21526,0.15505,0.96951,0.09347,0.00553,0.22646,0.25748,-1.95382,-0.09588,
1782297295,-0.29289,-7.27774,0.15189,0.97016,0.09276,0.00682,0.22392,0.25429,-1.96019,-0.08860,
1782297295,-0.28391,-7.34360,0.14882,0.97080,0.09319,0.00842,0.22089,0.25148,-1.97355,-0.08039,
1782297295,-0.27700,-7.39520,0.14662,0.97128,0.09395,0.00969,0.21838,0.24918,-1.98169,-0.07092,
1782297295,-0.26925,-7.45208,0.14294,0.97178,0.09503,0.01083,0.21565,0.24751,-1.98233,-0.05498,
1782297295,-0.26108,-7.51637,0.14019,0.97229,0.09616,0.01172,0.21277,0.24876,-1.99118,-0.02487,
1782297295,-0.25243,-7.58541,0.13915,0.97285,0.09668,0.01213,0.20994,0.24523,-1.99579,0.02422,
1782297295,-0.24096,-7.67382,0.14182,0.97359,0.09564,0.01145,0.20699,0.24218,-1.97008,0.10643,
1782297295,-0.22757,-7.77843,0.14967,0.97481,0.08923,0.00982,0.20419,0.23534,-1.95799,0.21301,
1782297295,-0.21131,-7.91552,0.16764,0.97713,0.07402,0.00673,0.19924,0.22937,-1.98974,0.29557,
1782297295,-0.20194,-7.98952,0.17829,0.97836,0.06632,0.00392,0.19595,0.23250,-2.00348,0.30414,
1782297295,-0.19419,-8.05465,0.18742,0.97933,0.06015,-0.00008,0.19314,0.23947,-2.01776,0.30513,
1782297295,-0.18595,-8.12015,0.19664,0.98010,0.05481,-0.00520,0.19071,0.24964,-2.03118,0.29162,
1782297295,-0.17855,-8.18043,0.20363,0.98059,0.05136,-0.01032,0.18894,0.26001,-2.05019,0.28082,
1782297295,-0.16991,-8.24690,0.21167,0.98085,0.05122,-0.01528,0.18729,0.26895,-2.05675,0.27597,
1782297295,-0.15777,-8.33570,0.22185,0.98082,0.05513,-0.02056,0.18581,0.29590,-2.09651,0.27928,
1782297295,-0.14839,-8.39921,0.22952,0.98068,0.05960,-0.02330,0.18487,0.30827,-2.11154,0.29496,
1782297295,-0.13645,-8.47717,0.24075,0.98046,0.06470,-0.02575,0.18397,0.33455,-2.14186,0.33110,
1782297295,-0.12647,-8.53968,0.24945,0.98039,0.06771,-0.02741,0.18302,0.34716,-2.17856,0.36701,
1782297295,-0.11428,-8.61519,0.26186,0.98054,0.07022,-0.02887,0.18102,0.35078,-2.19994,0.40113,
1782297295,-0.10122,-8.69647,0.27648,0.98097,0.07043,-0.03016,0.17841,0.35393,-2.21785,0.42701,
1782297295,-0.09011,-8.76521,0.28923,0.98159,0.06703,-0.03122,0.17611,0.35961,-2.23389,0.43826,
1782297295,-0.07799,-8.83974,0.30281,0.98252,0.05965,-0.03199,0.17344,0.36684,-2.25981,0.43197,
1782297295,-0.06528,-8.91758,0.31602,0.98358,0.05025,-0.03242,0.17026,0.36995,-2.27257,0.40641,
1782297295,-0.04787,-9.02326,0.33192,0.98489,0.03814,-0.03226,0.16581,0.38176,-2.30151,0.34185,
1782297295,-0.04054,-9.06801,0.33796,0.98537,0.03365,-0.03222,0.16394,0.38553,-2.31381,0.31282,
1782297295,-0.02699,-9.14786,0.34671,0.98613,0.02672,-0.03240,0.16059,0.39142,-2.33465,0.26050,
1782297295,-0.01529,-9.21899,0.35345,0.98670,0.02192,-0.03312,0.15764,0.39135,-2.34424,0.21473,
1782297295,-0.00170,-9.30083,0.35935,0.98724,0.01780,-0.03474,0.15439,0.39552,-2.36919,0.16396,
1782297296,0.01170,-9.38154,0.36381,0.98766,0.01464,-0.03693,0.15146,0.40062,-2.39111,0.12352,
1782297296,0.02502,-9.46068,0.36695,0.98798,0.01254,-0.03903,0.14906,0.40692,-2.41022,0.08501,
1782297296,0.04157,-9.55682,0.36921,0.98828,0.01161,-0.04065,0.14671,0.41520,-2.43789,0.04412,
1782297296,0.05169,-9.61403,0.36986,0.98842,0.01253,-0.04083,0.14564,0.42296,-2.45478,0.01580,
1782297296,0.06580,-9.68919,0.36945,0.98858,0.01482,-0.04022,0.14449,0.43182,-2.47950,-0.01970,
1782297296,0.08535,-9.79988,0.36722,0.98884,0.01976,-0.03748,0.14281,0.43312,-2.48885,-0.05737,
1782297296,0.10391,-9.90599,0.36377,0.98906,0.02357,-0.03364,0.14168,0.43585,-2.49632,-0.07903,
1782297296,0.11138,-9.94806,0.36225,0.98913,0.02412,-0.03214,0.14146,0.43704,-2.49655,-0.08304,
1782297296,0.12831,-10.04365,0.35860,0.98926,0.02289,-0.02884,0.14147,0.44371,-2.50834,-0.08982,
1782297296,0.13928,-10.10397,0.35629,0.98933,0.02099,-0.02682,0.14164,0.44727,-2.51309,-0.09361,
1782297296,0.15771,-10.20480,0.35213,0.98944,0.01723,-0.02309,0.14205,0.45234,-2.51517,-0.09732,
1782297296,0.17018,-10.27214,0.34953,0.98953,0.01463,-0.02017,0.14217,0.45182,-2.51150,-0.08702,
1782297296,0.19132,-10.37816,0.34626,0.98970,0.01043,-0.01514,0.14200,0.45034,-2.50220,-0.06272,
1782297296,0.20708,-10.46015,0.34428,0.98982,0.00766,-0.01149,0.14162,0.44521,-2.49211,-0.05121,
1782297296,0.21966,-10.52680,0.34275,0.98991,0.00675,-0.00883,0.14125,0.44258,-2.48670,-0.05060,
1782297296,0.24466,-10.68944,0.33854,0.99009,0.00985,-0.00414,0.14005,0.43119,-2.49524,-0.06901,
1782297296,0.25915,-10.79539,0.33514,0.99025,0.01347,-0.00287,0.13859,0.42030,-2.50691,-0.08267,
1782297296,0.26634,-10.85333,0.33293,0.99036,0.01542,-0.00285,0.13764,0.41520,-2.50925,-0.09020,
1782297296,0.29250,-11.01722,0.32586,0.99064,0.02076,-0.00459,0.13481,0.40996,-2.49240,-0.10851,
1782297296,0.32258,-11.20039,0.31687,0.99093,0.02458,-0.00577,0.13196,0.41726,-2.48478,-0.11673,
1782297296,0.33954,-11.30258,0.31191,0.99113,0.02488,-0.00444,0.13044,0.42538,-2.48403,-0.11244,
1782297296,0.34964,-11.36787,0.30891,0.99126,0.02460,-0.00287,0.12955,0.42925,-2.48165,-0.10700,
1782297296,0.36081,-11.44173,0.30565,0.99139,0.02451,-0.00064,0.12867,0.43373,-2.47194,-0.10559,
1782297296,0.37326,-11.51865,0.30229,0.99145,0.02556,0.00198,0.12798,0.43860,-2.46079,-0.10655,
1782297296,0.38944,-11.60664,0.29839,0.99143,0.02812,0.00497,0.12749,0.45001,-2.45755,-0.10883,
1782297296,0.40905,-11.70378,0.29389,0.99133,0.03185,0.00797,0.12723,0.46439,-2.45650,-0.11449,
1782297296,0.42423,-11.80290,0.28904,0.99118,0.03609,0.01065,0.12703,0.47386,-2.45730,-0.12495,
1782297297,0.43945,-11.88842,0.28443,0.99104,0.03983,0.01281,0.12688,0.48480,-2.45778,-0.13786,
1782297297,0.45239,-11.95398,0.28058,0.99094,0.04212,0.01438,0.12673,0.48990,-2.46037,-0.14672,
1782297297,0.46498,-12.03027,0.27591,0.99088,0.04394,0.01617,0.12635,0.49053,-2.46497,-0.15484,
1782297297,0.49616,-12.19223,0.26498,0.99085,0.04637,0.02090,0.12503,0.48481,-2.48965,-0.17777,
1782297297,0.52568,-12.34750,0.25301,0.99087,0.04901,0.02648,0.12280,0.47196,-2.53044,-0.20525,
1782297297,0.53819,-12.41568,0.24731,0.99089,0.05024,0.02869,0.12164,0.46894,-2.54640,-0.21428,
1782297297,0.55291,-12.50313,0.23978,0.99093,0.05140,0.03091,0.12025,0.46509,-2.55934,-0.22194,
1782297297,0.56821,-12.59794,0.23145,0.99100,0.05209,0.03237,0.11900,0.46307,-2.57484,-0.22649,
1782297297,0.58266,-12.68460,0.22380,0.99108,0.05236,0.03307,0.11804,0.46092,-2.59822,-0.22861,
1782297297,0.59513,-12.77376,0.21598,0.99122,0.05192,0.03342,0.11695,0.45630,-2.62666,-0.22916,
1782297297,0.60839,-12.86175,0.20827,0.99140,0.05126,0.03339,0.11570,0.45070,-2.63863,-0.23286,
1782297297,0.62280,-12.95459,0.19996,0.99160,0.05065,0.03312,0.11435,0.44666,-2.64291,-0.23645,
1782297297,0.63507,-13.03289,0.19296,0.99174,0.05016,0.03248,0.11347,0.44835,-2.64083,-0.23393,
1782297297,0.64788,-13.11251,0.18600,0.99189,0.04918,0.03149,0.11286,0.44850,-2.63873,-0.22460,
1782297297,0.66465,-13.21327,0.17770,0.99216,0.04611,0.02977,0.11228,0.44399,-2.63845,-0.20678,
1782297297,0.67399,-13.30736,0.17053,0.99245,0.04209,0.02821,0.11172,0.42886,-2.64865,-0.20137,
1782297297,0.68913,-13.41587,0.16193,0.99287,0.03712,0.02712,0.10996,0.40370,-2.68669,-0.22014,
1782297297,0.69729,-13.47522,0.15693,0.99314,0.03420,0.02666,0.10860,0.39601,-2.70483,-0.23167,
1782297297,0.70567,-13.56504,0.14900,0.99355,0.02918,0.02594,0.10647,0.37994,-2.71897,-0.24933,
1782297297,0.71685,-13.68422,0.13790,0.99404,0.02185,0.02443,0.10396,0.36112,-2.70679,-0.25662,
1782297297,0.71699,-13.78911,0.12799,0.99432,0.01583,0.02221,0.10287,0.34615,-2.68260,-0.25668,
1782297297,0.72623,-13.86845,0.12043,0.99442,0.01188,0.01992,0.10289,0.35073,-2.65886,-0.25167,
1782297297,0.72311,-13.93981,0.11353,0.99440,0.00904,0.01765,0.10378,0.34731,-2.64092,-0.24474,
1782297297,0.73326,-14.04023,0.10412,0.99427,0.00599,0.01489,0.10569,0.35349,-2.62367,-0.22767,
1782297297,0.74235,-14.14007,0.09564,0.99405,0.00427,0.01279,0.10811,0.36039,-2.60765,-0.21192,
1782297297,0.75154,-14.20991,0.09002,0.99384,0.00339,0.01201,0.11014,0.36883,-2.59922,-0.20270,
1782297297,0.76279,-14.29113,0.08379,0.99357,0.00261,0.01184,0.11261,0.37736,-2.59253,-0.19238,
1782297297,0.77493,-14.37685,0.07743,0.99327,0.00258,0.01284,0.11511,0.38592,-2.58261,-0.18473,
1782297298,0.78753,-14.46159,0.07143,0.99296,0.00385,0.01482,0.11747,0.38947,-2.56224,-0.17639,
1782297298,0.80096,-14.54682,0.06548,0.99263,0.00570,0.01750,0.11977,0.40056,-2.54945,-0.17184,
1782297298,0.81188,-14.61203,0.06096,0.99236,0.00719,0.01983,0.12154,0.40759,-2.53916,-0.16712,
1782297298,0.83178,-14.72987,0.05321,0.99189,0.00959,0.02394,0.12443,0.42046,-2.52871,-0.16335,
1782297298,0.84561,-14.80754,0.04808,0.99159,0.01091,0.02636,0.12621,0.42656,-2.51757,-0.16522,
1782297298,0.85637,-14.89082,0.04248,0.99130,0.01209,0.02841,0.12796,0.42780,-2.50440,-0.16987,
1782297298,0.86996,-14.97267,0.03675,0.99105,0.01279,0.02997,0.12945,0.42994,-2.49094,-0.17430,
1782297298,0.88176,-15.05946,0.03055,0.99086,0.01272,0.03106,0.13067,0.43214,-2.48157,-0.17739,
1782297298,0.89819,-15.16173,0.02307,0.99074,0.01158,0.03187,0.13147,0.43550,-2.47915,-0.18053,
1782297298,0.90954,-15.22793,0.01815,0.99072,0.01069,0.03219,0.13160,0.43781,-2.47661,-0.18370,
1782297298,0.92288,-15.32077,0.01110,0.99076,0.00983,0.03247,0.13131,0.43978,-2.47295,-0.18865,
1782297298,0.93493,-15.39209,0.00559,0.99084,0.00940,0.03237,0.13079,0.44431,-2.47281,-0.18681,
1782297298,0.94957,-15.47372,-0.00058,0.99096,0.00911,0.03206,0.12992,0.44898,-2.47334,-0.18367,
1782297298,0.96362,-15.55086,-0.00630,0.99111,0.00921,0.03149,0.12890,0.45204,-2.47375,-0.18053,
1782297298,0.97608,-15.62376,-0.01162,0.99128,0.00981,0.03079,0.12778,0.45561,-2.47541,-0.17860,
1782297298,0.98822,-15.69122,-0.01648,0.99143,0.01052,0.02990,0.12672,0.45965,-2.47941,-0.17602,
1782297298,1.00870,-15.80066,-0.02421,0.99168,0.01170,0.02786,0.12516,0.46923,-2.48910,-0.17184,
1782297298,1.02415,-15.88378,-0.02997,0.99184,0.01297,0.02607,0.12411,0.47536,-2.49319,-0.17233,
1782297298,1.05642,-16.05105,-0.04161,0.99208,0.01597,0.02280,0.12246,0.49245,-2.51190,-0.17416,
1782297298,1.10483,-16.29839,-0.05831,0.99230,0.01799,0.01999,0.12088,0.50808,-2.55048,-0.16585,
1782297298,1.11776,-16.36538,-0.06274,0.99234,0.01877,0.01961,0.12050,0.50974,-2.55954,-0.16443,
1782297298,1.15206,-16.53878,-0.07391,0.99240,0.02144,0.01859,0.11972,0.51893,-2.59492,-0.15635,
1782297298,1.18901,-16.71610,-0.08484,0.99244,0.02457,0.01668,0.11909,0.52597,-2.62740,-0.15216,
1782297298,1.20727,-16.80825,-0.09030,0.99245,0.02657,0.01521,0.11874,0.52710,-2.64942,-0.15067,
1782297298,1.22306,-16.89464,-0.09540,0.99246,0.02847,0.01339,0.11842,0.52618,-2.67301,-0.15047,
1782297299,1.24759,-17.01239,-0.10238,0.99247,0.03101,0.01068,0.11802,0.52926,-2.70162,-0.15305,
1782297299,1.25804,-17.06749,-0.10570,0.99247,0.03212,0.00935,0.11786,0.53031,-2.71620,-0.15557,
1782297299,1.27943,-17.17425,-0.11216,0.99244,0.03436,0.00702,0.11763,0.53490,-2.74125,-0.16312,
1782297299,1.29764,-17.26962,-0.11813,0.99239,0.03634,0.00524,0.11756,0.53918,-2.76558,-0.17070,
1782297299,1.31481,-17.35601,-0.12369,0.99232,0.03785,0.00390,0.11767,0.54457,-2.78698,-0.17745,
1782297299,1.33566,-17.46847,-0.13107,0.99222,0.03919,0.00257,0.11818,0.55090,-2.81467,-0.18303,
1782297299,1.35431,-17.55929,-0.13715,0.99212,0.03965,0.00178,0.11888,0.55954,-2.83482,-0.18693,
1782297299,1.37356,-17.65551,-0.14367,0.99200,0.03963,0.00130,0.11984,0.56410,-2.84826,-0.18955,
1782297299,1.38983,-17.74060,-0.14947,0.99188,0.03951,0.00107,0.12092,0.56896,-2.86148,-0.19084,
1782297299,1.40844,-17.83199,-0.15571,0.99172,0.03920,0.00106,0.12225,0.57449,-2.87443,-0.19169,
1782297299,1.42503,-17.91449,-0.16131,0.99159,0.03873,0.00115,0.12347,0.57795,-2.88824,-0.19180,
1782297299,1.44639,-18.02140,-0.16850,0.99143,0.03790,0.00129,0.12501,0.58204,-2.91050,-0.19089,
1782297299,1.46509,-18.11517,-0.17472,0.99129,0.03711,0.00140,0.12633,0.58532,-2.92896,-0.18933,
1782297299,1.48648,-18.22285,-0.18168,0.99116,0.03639,0.00127,0.12761,0.58704,-2.95604,-0.18536,
1782297299,1.51099,-18.34740,-0.18950,0.99098,0.03673,0.00085,0.12886,0.58547,-2.98497,-0.18126,
1782297299,1.52550,-18.42213,-0.19403,0.99087,0.03725,0.00036,0.12954,0.58322,-3.00347,-0.17587,
1782297299,1.54234,-18.50986,-0.19912,0.99076,0.03775,-0.00051,0.13024,0.58004,-3.02917,-0.17005,
1782297299,1.55663,-18.58554,-0.20336,0.99068,0.03820,-0.00153,0.13075,0.57222,-3.04967,-0.16597,
1782297299,1.57600,-18.69143,-0.20908,0.99061,0.03891,-0.00298,0.13105,0.55258,-3.08506,-0.16138,
1782297299,1.59808,-18.81924,-0.21574,0.99060,0.04033,-0.00460,0.13059,0.52710,-3.12642,-0.15869,
1782297299,1.61501,-18.92232,-0.22097,0.99062,0.04169,-0.00577,0.13000,0.51217,-3.15120,-0.15481,
1782297299,1.62901,-19.00987,-0.22522,0.99062,0.04248,-0.00685,0.12966,0.50888,-3.17249,-0.14851,
1782297299,1.64472,-19.10860,-0.22978,0.99062,0.04273,-0.00837,0.12953,0.51248,-3.19867,-0.14252,
1782297299,1.66120,-19.21235,-0.23432,0.99059,0.04287,-0.00998,0.12959,0.51371,-3.21799,-0.13478,
1782297299,1.67794,-19.31778,-0.23865,0.99050,0.04375,-0.01134,0.12987,0.51991,-3.23980,-0.12746,
1782297299,1.69616,-19.43081,-0.24300,0.99025,0.04545,-0.01232,0.13109,0.53603,-3.26593,-0.12003,
1782297299,1.71301,-19.53288,-0.24666,0.98978,0.04813,-0.01266,0.13363,0.55118,-3.28031,-0.11186,
1782297299,1.73649,-19.67107,-0.25113,0.98878,0.05336,-0.01235,0.13900,0.57227,-3.30530,-0.09782,
1782297299,1.75694,-19.78864,-0.25445,0.98778,0.05842,-0.01146,0.14403,0.58605,-3.32878,-0.08772,
1782297299,1.77276,-19.87866,-0.25675,0.98706,0.06194,-0.01024,0.14753,0.59188,-3.34963,-0.08048,
1782297300,1.79273,-19.99193,-0.25935,0.98635,0.06519,-0.00819,0.15102,0.59938,-3.38363,-0.07447,
1782297300,1.81195,-20.10043,-0.26181,0.98585,0.06715,-0.00588,0.15347,0.60952,-3.42457,-0.07866,
1782297300,1.86636,-20.36567,-0.26882,0.98517,0.07113,0.00070,0.15612,0.62707,-3.50446,-0.10365,
1782297300,1.89694,-20.50207,-0.27314,0.98497,0.07336,0.00314,0.15635,0.64049,-3.54580,-0.11641,
1782297300,1.90846,-20.57729,-0.27568,0.98487,0.07470,0.00383,0.15635,0.64223,-3.56693,-0.12252,
1782297300,1.92387,-20.73221,-0.28101,0.98468,0.07772,0.00369,0.15604,0.63743,-3.61320,-0.12385,
1782297300,1.96035,-20.96313,-0.28857,0.98462,0.08294,-0.00031,0.15377,0.62833,-3.65267,-0.11104,
1782297300,2.01590,-21.31982,-0.29894,0.98456,0.09421,-0.01060,0.14713,0.64926,-3.69440,-0.10382,
1782297300,2.05553,-21.53902,-0.30521,0.98454,0.09944,-0.01492,0.14342,0.66897,-3.70271,-0.10598,
1782297300,2.07873,-21.67569,-0.30929,0.98448,0.10195,-0.01586,0.14193,0.67486,-3.69671,-0.11241,
1782297300,2.09769,-21.78491,-0.31267,0.98439,0.10386,-0.01539,0.14126,0.67791,-3.69009,-0.11639,
1782297300,2.11877,-21.90088,-0.31640,0.98431,0.10522,-0.01400,0.14097,0.67973,-3.68265,-0.11881,
1782297300,2.14267,-22.03534,-0.32073,0.98431,0.10516,-0.01149,0.14121,0.67634,-3.67324,-0.11827,
1782297300,2.16157,-22.14731,-0.32437,0.98439,0.10380,-0.00888,0.14186,0.67027,-3.65849,-0.11830,
1782297300,2.18378,-22.27143,-0.32839,0.98443,0.10190,-0.00568,0.14310,0.66416,-3.63567,-0.11645,
1782297300,2.20622,-22.40582,-0.33271,0.98435,0.09979,-0.00252,0.14525,0.65576,-3.60799,-0.11661,
1782297300,2.22841,-22.53362,-0.33696,0.98406,0.09864,0.00002,0.14797,0.64868,-3.57675,-0.11887,
1782297300,2.24794,-22.65370,-0.34122,0.98380,0.09680,0.00162,0.15088,0.64616,-3.55399,-0.12283,
1782297300,2.26976,-22.77696,-0.34589,0.98356,0.09433,0.00253,0.15396,0.64561,-3.53754,-0.13665,
1782297300,2.28621,-22.87864,-0.35061,0.98333,0.09240,0.00314,0.15657,0.64043,-3.52794,-0.15085,
1782297300,2.32659,-23.10477,-0.36192,0.98258,0.09006,0.00453,0.16247,0.64693,-3.52267,-0.18478,
1782297300,2.33418,-23.24689,-0.36997,0.98202,0.08841,0.00537,0.16673,0.63371,-3.53177,-0.19982,
1782297300,2.36951,-23.46662,-0.38315,0.98095,0.08461,0.00766,0.17470,0.63977,-3.53609,-0.21947,
1782297301,2.39775,-23.69835,-0.39802,0.97931,0.08072,0.01091,0.18526,0.64931,-3.54522,-0.23399,
1782297301,2.43369,-23.94916,-0.41507,0.97725,0.07495,0.01346,0.19796,0.67309,-3.56247,-0.23873,
1782297301,2.45920,-24.17887,-0.43074,0.97572,0.06740,0.01421,0.20791,0.66120,-3.57949,-0.24787,
1782297301,2.47451,-24.28443,-0.43813,0.97516,0.06379,0.01455,0.21160,0.65446,-3.58783,-0.25551,
1782297301,2.50418,-24.53425,-0.45655,0.97422,0.05492,0.01551,0.21828,0.63081,-3.61240,-0.27680,
1782297301,2.52302,-24.67260,-0.46738,0.97383,0.04980,0.01623,0.22115,0.62662,-3.62321,-0.28560,
1782297301,2.53530,-24.77463,-0.47550,0.97350,0.04616,0.01661,0.22338,0.62230,-3.62448,-0.28749,
1782297301,2.57935,-25.03834,-0.49632,0.97217,0.03682,0.01713,0.23075,0.63232,-3.62281,-0.28067,
1782297301,2.61352,-25.25719,-0.51329,0.97055,0.02938,0.01660,0.23852,0.63792,-3.62974,-0.27674,
1782297301,2.63930,-25.41721,-0.52557,0.96920,0.02543,0.01604,0.24441,0.64738,-3.64051,-0.27692,
1782297301,2.65425,-25.50346,-0.53225,0.96846,0.02409,0.01577,0.24751,0.65391,-3.64860,-0.27601,
1782297301,2.67728,-25.63014,-0.54208,0.96739,0.02252,0.01558,0.25181,0.66719,-3.66237,-0.27267,
1782297301,2.70174,-25.76380,-0.55226,0.96631,0.02090,0.01554,0.25606,0.68276,-3.67733,-0.26386,
1782297301,2.72196,-25.87248,-0.56003,0.96552,0.01938,0.01572,0.25914,0.69301,-3.68712,-0.25582,
1782297301,2.75173,-26.02516,-0.57056,0.96446,0.01771,0.01642,0.26310,0.70726,-3.69149,-0.24788,
1782297301,2.77648,-26.15128,-0.57904,0.96357,0.01751,0.01745,0.26631,0.72108,-3.69502,-0.24202,
1782297301,2.79979,-26.26926,-0.58694,0.96270,0.01791,0.01864,0.26934,0.73322,-3.70550,-0.23564,
1782297301,2.82597,-26.40147,-0.59543,0.96180,0.01800,0.01993,0.27242,0.74352,-3.71649,-0.22773,
1782297301,2.84798,-26.51153,-0.60215,0.96114,0.01739,0.02080,0.27472,0.74826,-3.72693,-0.22257,
1782297301,2.88026,-26.67322,-0.61185,0.96036,0.01562,0.02191,0.27746,0.74496,-3.73322,-0.21979,
1782297301,2.89792,-26.75633,-0.61686,0.96002,0.01456,0.02252,0.27866,0.74180,-3.73596,-0.22288,
1782297301,2.92403,-26.88758,-0.62486,0.95954,0.01324,0.02342,0.28029,0.73376,-3.74348,-0.22942,
1782297301,2.94716,-27.00549,-0.63217,0.95917,0.01235,0.02415,0.28152,0.73056,-3.75336,-0.23174,
1782297301,2.97254,-27.13616,-0.64022,0.95880,0.01158,0.02471,0.28277,0.72583,-3.76645,-0.22619,
1782297302,3.00569,-27.30986,-0.65049,0.95839,0.01053,0.02478,0.28421,0.71524,-3.77573,-0.20976,
1782297302,3.02361,-27.39958,-0.65540,0.95820,0.01025,0.02456,0.28487,0.70579,-3.77710,-0.19539,
1782297302,3.03832,-27.47770,-0.65938,0.95802,0.01020,0.02420,0.28549,0.69764,-3.77814,-0.18039,
1782297302,3.06385,-27.61748,-0.66561,0.95766,0.01066,0.02313,0.28677,0.68795,-3.78117,-0.14667,
1782297302,3.08608,-27.74093,-0.66988,0.95728,0.01166,0.02163,0.28811,0.68473,-3.78831,-0.11003,
1782297302,3.11028,-27.87699,-0.67316,0.95676,0.01420,0.01973,0.28986,0.67547,-3.79305,-0.06876,
1782297302,3.12944,-27.98782,-0.67473,0.95622,0.01804,0.01802,0.29153,0.65743,-3.78957,-0.03333,
1782297302,3.15334,-28.13031,-0.67530,0.95529,0.02470,0.01519,0.29426,0.64164,-3.78485,0.00754,
1782297302,3.17521,-28.26252,-0.67455,0.95417,0.03178,0.01201,0.29732,0.63189,-3.78367,0.04099,
1782297302,3.19373,-28.37222,-0.67302,0.95311,0.03772,0.00899,0.30012,0.63486,-3.79111,0.06739,
1782297302,3.21854,-28.51926,-0.66996,0.95140,0.04583,0.00503,0.30449,0.63498,-3.78858,0.10135,
1782297302,3.23590,-28.62417,-0.66665,0.95007,0.05164,0.00291,0.30771,0.63463,-3.78710,0.14475,
1782297302,3.25956,-28.76268,-0.66046,0.94823,0.05837,0.00123,0.31216,0.65099,-3.79020,0.19718,
1782297302,3.28178,-28.88943,-0.65324,0.94649,0.06470,0.00153,0.31617,0.65464,-3.78552,0.24023,
1782297302,3.30792,-29.04255,-0.64261,0.94418,0.07328,0.00331,0.32116,0.65897,-3.77975,0.28931,
1782297302,3.32919,-29.16778,-0.63265,0.94208,0.08047,0.00522,0.32554,0.65139,-3.76520,0.31850,
1782297302,3.38324,-29.49011,-0.60382,0.93668,0.09998,0.00703,0.33552,0.65617,-3.77310,0.36601,
1782297302,3.43543,-29.78362,-0.57397,0.93371,0.10626,0.00003,0.34189,0.70759,-3.83479,0.41579,
1782297302,3.50448,-30.15386,-0.53004,0.93237,0.11278,-0.00557,0.34342,0.75852,-3.92205,0.51983,
1782297302,3.55113,-30.39276,-0.49723,0.93158,0.12230,-0.00425,0.34232,0.79023,-3.96125,0.56229,
1782297302,3.60618,-30.66367,-0.45890,0.93224,0.13013,0.00009,0.33763,0.84197,-4.04391,0.56153,
1782297302,3.63291,-30.79090,-0.44133,0.93319,0.13263,0.00341,0.33399,0.85031,-4.06314,0.55944,
1782297303,3.69257,-31.06465,-0.40684,0.93670,0.13252,0.00965,0.32393,0.92937,-4.16442,0.46460,
1782297303,3.72264,-31.19843,-0.39272,0.93868,0.13273,0.01157,0.31802,0.94526,-4.19073,0.41583,
1782297303,3.75927,-31.35935,-0.37852,0.94107,0.13377,0.01406,0.31031,0.96888,-4.22136,0.32619,
1782297303,3.82473,-31.64015,-0.36179,0.94464,0.13742,0.01823,0.29738,1.01204,-4.24353,0.18221,
1782297303,3.85724,-31.77352,-0.35724,0.94636,0.13864,0.02052,0.29113,1.03583,-4.26452,0.10763,
1782297303,3.92847,-32.06828,-0.35441,0.95026,0.14276,0.02537,0.27565,1.05612,-4.30057,-0.01479,
1782297303,3.99233,-32.33026,-0.35811,0.95366,0.14926,0.02600,0.25997,1.04426,-4.30924,-0.09229,
1782297303,4.02921,-32.48259,-0.36171,0.95533,0.15511,0.02400,0.25040,1.02176,-4.30535,-0.11122,
1782297303,4.09338,-32.76214,-0.37054,0.95806,0.16655,0.01588,0.23266,0.98402,-4.32734,-0.15956,
1782297303,4.16009,-33.06495,-0.38383,0.96049,0.17694,0.00302,0.21482,0.94884,-4.36265,-0.21401,
1782297303,4.18490,-33.18509,-0.38990,0.96096,0.18130,-0.00201,0.20902,0.93348,-4.36780,-0.22127,
1782297303,4.25007,-33.50036,-0.40638,0.96102,0.19179,-0.01158,0.19879,0.91222,-4.38038,-0.23186,
1782297303,4.27797,-33.63650,-0.41381,0.96075,0.19479,-0.01355,0.19705,0.91090,-4.39601,-0.24687,
1782297303,4.30720,-33.78329,-0.42257,0.96003,0.19836,-0.01339,0.19700,0.90561,-4.40448,-0.27153,
1782297303,4.34144,-33.95184,-0.43321,0.95852,0.20345,-0.01000,0.19936,0.89673,-4.41050,-0.28229,
1782297303,4.37289,-34.10733,-0.44343,0.95651,0.20874,-0.00420,0.20372,0.89159,-4.41569,-0.29658,
1782297303,4.40264,-34.25954,-0.45395,0.95409,0.21347,0.00343,0.21006,0.88864,-4.42382,-0.30888,
1782297303,4.43084,-34.39874,-0.46384,0.95163,0.21666,0.01137,0.21753,0.88934,-4.43035,-0.31567,
1782297303,4.45908,-34.54437,-0.47458,0.94892,0.21820,0.01998,0.22701,0.89277,-4.44344,-0.32934,
1782297303,4.48414,-34.67851,-0.48476,0.94628,0.21834,0.02794,0.23684,0.88531,-4.45224,-0.33129,
1782297303,4.51226,-34.84385,-0.49714,0.94276,0.21763,0.03726,0.24992,0.87581,-4.46250,-0.33583,
1782297303,4.53921,-34.99564,-0.50880,0.93920,0.21627,0.04503,0.26287,0.87458,-4.48056,-0.34624,
1782297303,4.56696,-35.13917,-0.52002,0.93564,0.21453,0.05140,0.27552,0.87327,-4.49464,-0.35260,
1782297304,4.62613,-35.44602,-0.54438,0.92741,0.20985,0.06376,0.30299,0.86799,-4.52781,-0.35974,
1782297304,4.65119,-35.58072,-0.55522,0.92367,0.20738,0.06906,0.31473,0.86536,-4.54531,-0.36779,
1782297304,4.68067,-35.73756,-0.56814,0.91934,0.20386,0.07516,0.32803,0.87103,-4.56563,-0.37925,
1782297304,4.71042,-35.89184,-0.58102,0.91509,0.19959,0.08073,0.34096,0.87666,-4.57851,-0.38044,
1782297304,4.73731,-36.03482,-0.59281,0.91111,0.19520,0.08546,0.35280,0.87812,-4.59192,-0.37541,
1782297304,4.76322,-36.17011,-0.60380,0.90725,0.19158,0.08951,0.36357,0.87914,-4.60060,-0.36881,
1782297304,4.79366,-36.32919,-0.61641,0.90256,0.18832,0.09367,0.37569,0.88359,-4.61103,-0.36088,
1782297304,4.85234,-36.63050,-0.64003,0.89382,0.18468,0.09835,0.39662,0.90438,-4.62931,-0.36302,
1782297304,4.89024,-36.82771,-0.65565,0.88859,0.18304,0.09864,0.40887,0.91693,-4.64799,-0.36984,
1782297304,4.91962,-36.97571,-0.66754,0.88513,0.18183,0.09738,0.41713,0.92897,-4.65852,-0.37589,
1782297304,4.95599,-37.15653,-0.68222,0.88131,0.18064,0.09485,0.42622,0.93915,-4.66894,-0.37496,
1782297304,5.01283,-37.43843,-0.70455,0.87633,0.17925,0.09000,0.43797,0.96381,-4.68230,-0.36928,
1782297304,5.04033,-37.56940,-0.71489,0.87433,0.17912,0.08791,0.44243,0.97554,-4.69107,-0.36975,
1782297304,5.07964,-37.75686,-0.72981,0.87163,0.18046,0.08606,0.44753,0.98729,-4.70169,-0.37344,
1782297304,5.11618,-37.92934,-0.74349,0.86953,0.18212,0.08492,0.45115,1.00423,-4.71552,-0.37311,
1782297304,5.14126,-38.05763,-0.75369,0.86822,0.18327,0.08398,0.45338,1.01043,-4.72255,-0.37963,
1782297304,5.17545,-38.20772,-0.76589,0.86688,0.18453,0.08274,0.45566,1.02477,-4.72639,-0.38369,
1782297304,5.20835,-38.35566,-0.77786,0.86573,0.18534,0.08110,0.45780,1.03543,-4.73010,-0.38011,
1782297304,5.24600,-38.52569,-0.79154,0.86468,0.18531,0.07866,0.46021,1.04603,-4.73543,-0.37975,
1782297304,5.27865,-38.67218,-0.80324,0.86406,0.18437,0.07619,0.46217,1.05565,-4.73942,-0.37641,
1782297304,5.31680,-38.84236,-0.81669,0.86348,0.18271,0.07360,0.46433,1.06361,-4.74169,-0.37075,
1782297304,5.34743,-38.97791,-0.82719,0.86313,0.18094,0.07182,0.46596,1.07418,-4.74717,-0.36368,
1782297304,5.39079,-39.16740,-0.84168,0.86270,0.17797,0.06990,0.46818,1.09455,-4.75097,-0.36258,
1782297304,5.42358,-39.30834,-0.85245,0.86230,0.17600,0.06938,0.46974,1.10775,-4.75633,-0.36254,
1782297304,5.46284,-39.47559,-0.86510,0.86173,0.17426,0.06973,0.47137,1.12115,-4.76514,-0.35783,
1782297304,5.49557,-39.61343,-0.87549,0.86115,0.17338,0.07052,0.47264,1.13406,-4.76941,-0.36132,
1782297304,5.53555,-39.77945,-0.88825,0.86033,0.17270,0.07142,0.47424,1.15681,-4.77453,-0.36960,
1782297304,5.57549,-39.94309,-0.90085,0.85946,0.17217,0.07214,0.47589,1.16321,-4.77770,-0.36457,
1782297305,5.61930,-40.11779,-0.91418,0.85864,0.17116,0.07256,0.47768,1.17339,-4.78061,-0.36381,
1782297305,5.65253,-40.25440,-0.92462,0.85811,0.16958,0.07274,0.47917,1.18776,-4.78318,-0.36822,
1782297305,5.69197,-40.41254,-0.93684,0.85758,0.16680,0.07302,0.48104,1.20007,-4.78387,-0.36724,
1782297305,5.73594,-40.58653,-0.95005,0.85722,0.16247,0.07356,0.48308,1.21434,-4.78331,-0.36274,
1782297305,5.77659,-40.74474,-0.96222,0.85680,0.15837,0.07464,0.48502,1.23123,-4.77811,-0.37179,
1782297305,5.81585,-40.88932,-0.97353,0.85639,0.15487,0.07664,0.48655,1.24420,-4.77684,-0.37241,
1782297305,5.85899,-41.05746,-0.98656,0.85596,0.15132,0.08010,0.48787,1.25827,-4.77041,-0.36665,
1782297305,5.90449,-41.22920,-0.99975,0.85554,0.14811,0.08437,0.48887,1.27681,-4.76731,-0.36854,
1782297305,5.94667,-41.38542,-1.01197,0.85530,0.14587,0.08889,0.48917,1.29287,-4.77060,-0.37656,
1782297305,6.02830,-41.68340,-1.03571,0.85541,0.14228,0.09633,0.48863,1.31627,-4.77153,-0.37852,
1782297305,6.07965,-41.86747,-1.05029,0.85609,0.13942,0.09878,0.48776,1.33239,-4.77519,-0.37826,
1782297305,6.12064,-42.01565,-1.06200,0.85696,0.13692,0.09960,0.48678,1.34517,-4.78121,-0.37717,
1782297305,6.16421,-42.17106,-1.07424,0.85814,0.13467,0.09965,0.48531,1.35509,-4.78690,-0.37642,
1782297305,6.20972,-42.33152,-1.08686,0.85964,0.13312,0.09931,0.48316,1.36499,-4.79254,-0.37660,
1782297305,6.25718,-42.49750,-1.09984,0.86143,0.13281,0.09878,0.48014,1.37425,-4.79613,-0.37345,
1782297305,6.30932,-42.67877,-1.11401,0.86380,0.13345,0.09818,0.47581,1.39224,-4.80796,-0.37772,
1782297305,6.34555,-42.80336,-1.12386,0.86576,0.13408,0.09748,0.47220,1.40748,-4.81976,-0.38374,
1782297305,6.40488,-43.00666,-1.14031,0.86945,0.13568,0.09609,0.46520,1.41945,-4.83360,-0.39414,
1782297305,6.43788,-43.12224,-1.14964,0.87186,0.13645,0.09494,0.46069,1.42557,-4.84146,-0.38819,
1782297305,6.49262,-43.30891,-1.16461,0.87608,0.13725,0.09236,0.45290,1.43638,-4.84951,-0.39128,
1782297305,6.54338,-43.48762,-1.17898,0.88045,0.13749,0.08913,0.44492,1.44355,-4.85979,-0.39006,
1782297305,6.58500,-43.62954,-1.19042,0.88399,0.13762,0.08596,0.43844,1.45344,-4.86147,-0.39554,
1782297305,6.63258,-43.78998,-1.20347,0.88794,0.13781,0.08215,0.43106,1.46042,-4.86136,-0.39696,
1782297305,6.72735,-44.10404,-1.22894,0.89543,0.13676,0.07456,0.41706,1.49536,-4.86957,-0.39911,
1782297305,6.78089,-44.28321,-1.24350,0.89944,0.13616,0.07114,0.40915,1.50062,-4.88054,-0.39603,
1782297305,6.83058,-44.45398,-1.25719,0.90311,0.13581,0.06859,0.40156,1.51464,-4.89026,-0.39709,
1782297305,6.87822,-44.61032,-1.26988,0.90638,0.13531,0.06647,0.39465,1.52885,-4.90685,-0.39820,
1782297305,6.92350,-44.76200,-1.28203,0.90959,0.13409,0.06448,0.38795,1.54566,-4.92664,-0.39727,
1782297306,6.98452,-44.96102,-1.29825,0.91373,0.13265,0.06222,0.37899,1.55262,-4.94982,-0.40880,
1782297306,7.02184,-45.10026,-1.30955,0.91656,0.13163,0.06068,0.37272,1.55933,-4.97149,-0.41341,
1782297306,7.07065,-45.26219,-1.32314,0.91975,0.13066,0.05883,0.36542,1.56806,-4.98992,-0.42242,
1782297306,7.10902,-45.40698,-1.33500,0.92251,0.12953,0.05697,0.35909,1.55923,-5.00428,-0.41150,
1782297306,7.17282,-45.62016,-1.35261,0.92643,0.12792,0.05425,0.34990,1.57488,-5.03083,-0.42002,
1782297306,7.32108,-46.09830,-1.39221,0.93420,0.12486,0.04855,0.33064,1.59910,-5.07701,-0.41803,
1782297306,7.34645,-46.18146,-1.39901,0.93542,0.12427,0.04755,0.32754,1.60201,-5.08462,-0.41605,
1782297306,7.42515,-46.44897,-1.42088,0.93913,0.12201,0.04412,0.31813,1.61622,-5.11806,-0.42749,
1782297306,7.46523,-46.57453,-1.43133,0.94079,0.12095,0.04260,0.31381,1.61912,-5.13068,-0.42526,
1782297306,7.52874,-46.77699,-1.44786,0.94337,0.11906,0.04058,0.30696,1.62861,-5.15889,-0.42138,
1782297306,7.58237,-46.94628,-1.46170,0.94541,0.11756,0.03918,0.30140,1.64159,-5.18023,-0.42315,
1782297306,7.63166,-47.11202,-1.47514,0.94719,0.11656,0.03799,0.29631,1.64894,-5.19898,-0.42446,
1782297306,7.74058,-47.46036,-1.50316,0.95071,0.11505,0.03632,0.28566,1.65906,-5.25368,-0.42670,
1782297306,7.79037,-47.61847,-1.51600,0.95219,0.11426,0.03545,0.28109,1.66796,-5.27062,-0.42529,
1782297306,7.84522,-47.81982,-1.53169,0.95394,0.11261,0.03401,0.27596,1.66344,-5.28920,-0.41492,
1782297306,7.90011,-48.00136,-1.54594,0.95533,0.11157,0.03294,0.27170,1.66394,-5.30714,-0.41659,
1782297306,7.95223,-48.16888,-1.55893,0.95647,0.11047,0.03186,0.26823,1.68132,-5.32302,-0.41547,
1782297306,8.00726,-48.36942,-1.57474,0.95759,0.10969,0.03072,0.26466,1.68505,-5.35271,-0.42909,
1782297306,8.06076,-48.54244,-1.58826,0.95851,0.10896,0.02992,0.26171,1.68627,-5.36457,-0.41579,
1782297306,8.11991,-48.72922,-1.60297,0.95931,0.10879,0.02954,0.25886,1.70071,-5.38588,-0.42928,
1782297306,8.16591,-48.90419,-1.61656,0.96008,0.10839,0.02903,0.25624,1.69628,-5.41110,-0.42359,
1782297306,8.21728,-49.07227,-1.62981,0.96081,0.10819,0.02838,0.25364,1.70431,-5.43486,-0.43633,
